Year,Ceremony_Number,Decade,Era,Category,Award_Group,Winner,Artist,Status,Total_Wins,Category_Total_Winners,Data_Source,Collection_Date
2026,68,2020,2020s,Album of the Year,Big Four,Debí Tirar Más Fotos,Bad Bunny,Winner,1,69,Wikipedia,2026-02-08
2026,68,2020,2020s,Best New Artist,Big Four,Olivia Dean,Olivia Dean,Winner,1,67,Wikipedia,2026-02-08
2026,68,2020,2020s,Best Pop Vocal Album,Genre,"Lady Gaga Cirkut, Lady Gaga & Andrew Watt (producers) Serban Ghenea & Paul Lamalfa (engineers/mixers)",Mayhem,Winner,1,33,Wikipedia,2026-02-08
2026,68,2020,2020s,Record of the Year,Big Four,Luther,Kendrick Lamar & SZA,Winner,1,69,Wikipedia,2026-02-08
2026,68,2020,2020s,Song of the Year,Big Four,Billie Eilish O'ConnellFinneas O'Connell,Wildflower,Winner,1,73,Wikipedia,2026-02-08
2025,67,2020,2020s,Best New Artist,Big Four,Chappell Roan,Chappell Roan,Winner,1,67,Wikipedia,2026-02-08
2025,67,2020,2020s,Best Pop Vocal Album,Genre,"Sabrina Carpenter John Ryan (producer) Bryce Bordone, Serban Ghenea & Jeff Gunnell (engineers/mixers)",Short n' Sweet,Winner,1,33,Wikipedia,2026-02-08
2025,67,2020,2020s,Record of the Year,Big Four,Not Like Us,Kendrick Lamar,Winner,1,69,Wikipedia,2026-02-08
2025,67,2020,2020s,Song of the Year,Big Four,Kendrick Lamar,"Not Like Us"" *",Winner,1,73,Wikipedia,2026-02-08
2024,66,2020,2020s,Album of the Year,Big Four,Midnights,Taylor Swift,Winner,4,69,Wikipedia,2026-02-08
2024,66,2020,2020s,Best New Artist,Big Four,Victoria Monét,Victoria Monét,Winner,1,67,Wikipedia,2026-02-08
2024,66,2020,2020s,Best Pop Vocal Album,Genre,"Taylor Swift Jack Antonoff & Taylor Swift (producers) Jack Antonoff, Bryce Bordone, Serban Ghenea & Laura Sisk (engineers/mixers)",Midnights,Winner,1,33,Wikipedia,2026-02-08
2024,66,2020,2020s,Record of the Year,Big Four,Flowers,Miley Cyrus,Winner,1,69,Wikipedia,2026-02-08
2024,66,2020,2020s,Song of the Year,Big Four,Billie Eilish O'Connell Finneas O'Connell,What Was I Made For?,Winner,1,73,Wikipedia,2026-02-08
2024,66,2020,2020s,Song of the Year,Big Four,What Was I Made For?,Billie Eilish & Finneas O'Connell,Winner,2,73,Wikipedia,2026-02-08
2023,65,2020,2020s,Album of the Year,Big Four,Harry's House,Harry Styles,Winner,1,69,Wikipedia,2026-02-08
2023,65,2020,2020s,Best New Artist,Big Four,Samara Joy,Samara Joy,Winner,1,67,Wikipedia,2026-02-08
2023,65,2020,2020s,Best Pop Vocal Album,Genre,Harry Styles Kid Harpoon & Tyler Johnson (producers) Jeremy Hatcher & Spike Stent (engineers/mixers),Harry's House,Winner,1,33,Wikipedia,2026-02-08
2023,65,2020,2020s,Record of the Year,Big Four,About Damn Time,Lizzo,Winner,1,69,Wikipedia,2026-02-08
2023,65,2020,2020s,Song of the Year,Big Four,Bonnie Raitt,Just Like That,Winner,1,73,Wikipedia,2026-02-08
2023,65,2020,2020s,Song of the Year,Big Four,Just Like That,Bonnie Raitt,Winner,2,73,Wikipedia,2026-02-08
2022,64,2020,2020s,Album of the Year,Big Four,We Are,Jon Batiste,Winner,1,69,Wikipedia,2026-02-08
2022,64,2020,2020s,Best New Artist,Big Four,Olivia Rodrigo,Olivia Rodrigo,Winner,1,67,Wikipedia,2026-02-08
2022,64,2020,2020s,Best Pop Vocal Album,Genre,Olivia Rodrigo Daniel Nigro (producer) Mitch McCarthy & Daniel Nigro (engineers/mixers),Sour,Winner,1,33,Wikipedia,2026-02-08
2022,64,2020,2020s,Record of the Year,Big Four,Leave the Door Open,Silk Sonic,Winner,2,69,Wikipedia,2026-02-08
2022,64,2020,2020s,Song of the Year,Big Four,Brandon Anderson Christopher Brody Brown Dernst Emile II Bruno Mars,"Leave the Door Open"" *",Winner,1,73,Wikipedia,2026-02-08
2022,64,2020,2020s,Song of the Year,Big Four,Leave the Door Open,Silk Sonic,Winner,2,73,Wikipedia,2026-02-08
2021,63,2020,2020s,Album of the Year,Big Four,Folklore,Taylor Swift,Winner,4,69,Wikipedia,2026-02-08
2021,63,2020,2020s,Best New Artist,Big Four,Megan Thee Stallion,Megan Thee Stallion,Winner,1,67,Wikipedia,2026-02-08
2021,63,2020,2020s,Best Pop Vocal Album,Genre,Dua Lipa Lorna Blackwood & Koz (producers) Josh Gudwin & Cameron Gower Poole (engineers/mixers),Future Nostalgia,Winner,1,33,Wikipedia,2026-02-08
2021,63,2020,2020s,Record of the Year,Big Four,Everything I Wanted,Billie Eilish,Winner,4,69,Wikipedia,2026-02-08
2021,63,2020,2020s,Song of the Year,Big Four,Dernst Emile IIH.E.R.Tiara Thomas,I Can't Breathe,Winner,1,73,Wikipedia,2026-02-08
2021,63,2020,2020s,Song of the Year,Big Four,I Can't Breathe,H.E.R.,Winner,1,73,Wikipedia,2026-02-08
2020,62,2020,2020s,Album of the Year,Big Four,"When We All Fall Asleep, Where Do We Go?",Billie Eilish,Winner,4,69,Wikipedia,2026-02-08
2020,62,2020,2020s,Best New Artist,Big Four,Billie Eilish,Billie Eilish,Winner,4,67,Wikipedia,2026-02-08
2020,62,2020,2020s,Best Pop Vocal Album,Genre,Billie Eilish Finneas O'Connell (producer) Rob Kinelski &Finneas O'Connell (engineers/mixers),"When We All Fall Asleep, Where Do We Go?",Winner,1,33,Wikipedia,2026-02-08
2020,62,2020,2020s,Record of the Year,Big Four,Bad Guy,Billie Eilish,Winner,4,69,Wikipedia,2026-02-08
2020,62,2020,2020s,Song of the Year,Big Four,Billie Eilish O'ConnellFinneas O'Connell,"Bad Guy"" *",Winner,1,73,Wikipedia,2026-02-08
2020,62,2020,2020s,Song of the Year,Big Four,Bad Guy,Billie Eilish & Finneas O'Connell,Winner,2,73,Wikipedia,2026-02-08
2019,61,2010,2010s,Album of the Year,Big Four,Golden Hour,Kacey Musgraves,Winner,1,69,Wikipedia,2026-02-08
2019,61,2010,2010s,Best New Artist,Big Four,Dua Lipa,Dua Lipa,Winner,1,67,Wikipedia,2026-02-08
2019,61,2010,2010s,Best Pop Vocal Album,Genre,"Ariana Grande Pharrell Williams, producer Mike Larson, engineer",Sweetener,Winner,1,33,Wikipedia,2026-02-08
2019,61,2010,2010s,Record of the Year,Big Four,This Is America,Childish Gambino,Winner,1,69,Wikipedia,2026-02-08
2019,61,2010,2010s,Song of the Year,Big Four,Donald GloverLudwig GöranssonJeffery Lamar Williams,"This Is America"" *",Winner,1,73,Wikipedia,2026-02-08
2018,60,2010,2010s,Album of the Year,Big Four,24K Magic,Bruno Mars,Winner,2,69,Wikipedia,2026-02-08
2018,60,2010,2010s,Best New Artist,Big Four,Alessia Cara,Alessia Cara,Winner,1,67,Wikipedia,2026-02-08
2018,60,2010,2010s,Best Pop Vocal Album,Genre,"Ed Sheeran Ed Sheeran, producer; Joe Rubel, Chris Sclafani & Mark ""Spike"" Stent, engineers/mixers",÷,Winner,1,33,Wikipedia,2026-02-08
2018,60,2010,2010s,Record of the Year,Big Four,24K Magic,Bruno Mars,Winner,2,69,Wikipedia,2026-02-08
2018,60,2010,2010s,Song of the Year,Big Four,Christopher Brody BrownJames FauntleroyPhilip LawrenceBruno MarsRay Charles McCullough IIJeremy ReevesRay RomulusJonathan Yip,That's What I Like,Winner,1,73,Wikipedia,2026-02-08
2017,59,2010,2010s,Album of the Year,Big Four,25,Adele,Winner,5,69,Wikipedia,2026-02-08
2017,59,2010,2010s,Best New Artist,Big Four,Chance the Rapper,Chance the Rapper,Winner,1,67,Wikipedia,2026-02-08
2017,59,2010,2010s,Best Pop Vocal Album,Genre,"Adele Tom Elmhirst, engineer/mixer",25,Winner,1,33,Wikipedia,2026-02-08
2017,59,2010,2010s,Record of the Year,Big Four,Hello,Adele,Winner,5,69,Wikipedia,2026-02-08
2017,59,2010,2010s,Song of the Year,Big Four,Adele AdkinsGreg Kurstin,"Hello"" *",Winner,1,73,Wikipedia,2026-02-08
2016,58,2010,2010s,Album of the Year,Big Four,1989,Taylor Swift,Winner,4,69,Wikipedia,2026-02-08
2016,58,2010,2010s,Best New Artist,Big Four,Meghan Trainor,Meghan Trainor,Winner,1,67,Wikipedia,2026-02-08
2016,58,2010,2010s,Best Pop Vocal Album,Genre,"Taylor Swift Max Martin & Shellback, producers",1989,Winner,1,33,Wikipedia,2026-02-08
2016,58,2010,2010s,Record of the Year,Big Four,Uptown Funk,Mark Ronson featuring Bruno Mars,Winner,1,69,Wikipedia,2026-02-08
2016,58,2010,2010s,Song of the Year,Big Four,Ed SheeranAmy Wadge,Thinking Out Loud,Winner,1,73,Wikipedia,2026-02-08
2015,57,2010,2010s,Album of the Year,Big Four,Morning Phase,Beck,Winner,1,69,Wikipedia,2026-02-08
2015,57,2010,2010s,Best New Artist,Big Four,Sam Smith,Sam Smith,Winner,2,67,Wikipedia,2026-02-08
2015,57,2010,2010s,Best Pop Vocal Album,Genre,"Sam Smith Jimmy Napes, producer Steve Fitzmaurice, engineer/mixer",In the Lonely Hour,Winner,1,33,Wikipedia,2026-02-08
2015,57,2010,2010s,Record of the Year,Big Four,Stay with Me,Sam Smith,Winner,2,69,Wikipedia,2026-02-08
2015,57,2010,2010s,Song of the Year,Big Four,James NapierWilliam PhillipsSam Smith,"Stay with Me"" *",Winner,1,73,Wikipedia,2026-02-08
2014,56,2010,2010s,Album of the Year,Big Four,Random Access Memories,Daft Punk,Winner,1,69,Wikipedia,2026-02-08
2014,56,2010,2010s,Best New Artist,Big Four,Macklemore & Ryan Lewis,Macklemore & Ryan Lewis,Winner,1,67,Wikipedia,2026-02-08
2014,56,2010,2010s,Best Pop Vocal Album,Genre,"Bruno Mars Philip Lawrence, Ari Levine & Bruno Mars, producers Ari Levine & Manny Marroquin, engineers/mixers",Unorthodox Jukebox,Winner,1,33,Wikipedia,2026-02-08
2014,56,2010,2010s,Record of the Year,Big Four,Get Lucky,Daft Punk featuring Pharrell Williams & Nile Rodgers,Winner,1,69,Wikipedia,2026-02-08
2014,56,2010,2010s,Song of the Year,Big Four,Joel LittleElla Yelich-O'Connor,Royals,Winner,1,73,Wikipedia,2026-02-08
2013,55,2010,2010s,Album of the Year,Big Four,Babel,Mumford & Sons,Winner,1,69,Wikipedia,2026-02-08
2013,55,2010,2010s,Best New Artist,Big Four,Fun,Fun,Winner,1,67,Wikipedia,2026-02-08
2013,55,2010,2010s,Best Pop Vocal Album,Genre,"Kelly Clarkson Serban Ghenea & John Hanes, engineers/mixers",Stronger,Winner,1,33,Wikipedia,2026-02-08
2013,55,2010,2010s,Record of the Year,Big Four,Somebody That I Used to Know,Gotye featuring Kimbra,Winner,1,69,Wikipedia,2026-02-08
2013,55,2010,2010s,Song of the Year,Big Four,Nate RuessJack AntonoffJeff BhaskerAndrew Dost,We Are Young,Winner,1,73,Wikipedia,2026-02-08
2012,54,2010,2010s,Album of the Year,Big Four,21,Adele,Winner,5,69,Wikipedia,2026-02-08
2012,54,2010,2010s,Best New Artist,Big Four,Bon Iver,Bon Iver,Winner,1,67,Wikipedia,2026-02-08
2012,54,2010,2010s,Best Pop Vocal Album,Genre,Adele,21,Winner,1,33,Wikipedia,2026-02-08
2012,54,2010,2010s,Record of the Year,Big Four,Rolling in the Deep,Adele,Winner,5,69,Wikipedia,2026-02-08
2012,54,2010,2010s,Song of the Year,Big Four,Adele AdkinsPaul Epworth,"Rolling in the Deep"" *",Winner,1,73,Wikipedia,2026-02-08
2011,53,2010,2010s,Album of the Year,Big Four,The Suburbs,Arcade Fire,Winner,1,69,Wikipedia,2026-02-08
2011,53,2010,2010s,Best New Artist,Big Four,Esperanza Spalding,Esperanza Spalding,Winner,1,67,Wikipedia,2026-02-08
2011,53,2010,2010s,Best Pop Vocal Album,Genre,"Lady Gaga Lady Gaga & RedOne, producers Robert Orton, RedOne & Dave Russell, engineers/mixers",The Fame Monster,Winner,1,33,Wikipedia,2026-02-08
2011,53,2010,2010s,Record of the Year,Big Four,Need You Now,Lady Antebellum,Winner,1,69,Wikipedia,2026-02-08
2011,53,2010,2010s,Song of the Year,Big Four,Dave HaywoodJosh KearCharles KelleyHillary Scott,"Need You Now"" *",Winner,1,73,Wikipedia,2026-02-08
2010,52,2010,2010s,Album of the Year,Big Four,Fearless,Taylor Swift,Winner,4,69,Wikipedia,2026-02-08
2010,52,2010,2010s,Best New Artist,Big Four,Zac Brown Band,Zac Brown Band,Winner,1,67,Wikipedia,2026-02-08
2010,52,2010,2010s,Best Pop Vocal Album,Genre,"Black Eyed Peas Dylan Dresdow & Padriac Kerin, engineers/mixers",The E.N.D.,Winner,1,33,Wikipedia,2026-02-08
2010,52,2010,2010s,Record of the Year,Big Four,Use Somebody,Kings of Leon,Winner,1,69,Wikipedia,2026-02-08
2010,52,2010,2010s,Song of the Year,Big Four,Thaddis HarrellBeyoncé KnowlesTerius NashChristopher Stewart,Single Ladies (Put a Ring on It),Winner,1,73,Wikipedia,2026-02-08
2009,51,2000,2000s,Album of the Year,Big Four,Raising Sand,Robert Plant & Alison Krauss,Winner,2,69,Wikipedia,2026-02-08
2009,51,2000,2000s,Best New Artist,Big Four,Adele,Adele,Winner,5,67,Wikipedia,2026-02-08
2009,51,2000,2000s,Best Pop Vocal Album,Genre,Duffy,Rockferry,Winner,1,33,Wikipedia,2026-02-08
2009,51,2000,2000s,Record of the Year,Big Four,Please Read the Letter,Robert Plant & Alison Krauss,Winner,2,69,Wikipedia,2026-02-08
2009,51,2000,2000s,Song of the Year,Big Four,Guy BerrymanJonny BucklandWill ChampionChris Martin,Viva la Vida,Winner,1,73,Wikipedia,2026-02-08
2008,50,2000,2000s,Album of the Year,Big Four,River: The Joni Letters,Herbie Hancock,Winner,1,69,Wikipedia,2026-02-08
2008,50,2000,2000s,Best New Artist,Big Four,Amy Winehouse,Amy Winehouse,Winner,2,67,Wikipedia,2026-02-08
2008,50,2000,2000s,Best Pop Vocal Album,Genre,"Amy Winehouse Mark Ronson, producer",Back to Black,Winner,1,33,Wikipedia,2026-02-08
2008,50,2000,2000s,Record of the Year,Big Four,Rehab,Amy Winehouse,Winner,2,69,Wikipedia,2026-02-08
2008,50,2000,2000s,Song of the Year,Big Four,Amy Winehouse,"Rehab"" *",Winner,1,73,Wikipedia,2026-02-08
2007,49,2000,2000s,Album of the Year,Big Four,Taking the Long Way,Dixie Chicks,Winner,2,69,Wikipedia,2026-02-08
2007,49,2000,2000s,Best New Artist,Big Four,Carrie Underwood,Carrie Underwood,Winner,1,67,Wikipedia,2026-02-08
2007,49,2000,2000s,Best Pop Vocal Album,Genre,"John Mayer Steve Jordan, producer; Michael H. Brauer, Joe Ferla & Chad Franscoviak, engineers/mixers",Continuum,Winner,1,33,Wikipedia,2026-02-08
2007,49,2000,2000s,Record of the Year,Big Four,Not Ready to Make Nice,Dixie Chicks,Winner,2,69,Wikipedia,2026-02-08
2007,49,2000,2000s,Song of the Year,Big Four,Emily RobisonMartie MaguireNatalie MainesDan Wilson,"Not Ready to Make Nice"" *",Winner,1,73,Wikipedia,2026-02-08
2006,48,2000,2000s,Album of the Year,Big Four,How to Dismantle an Atomic Bomb,U2,Winner,4,69,Wikipedia,2026-02-08
2006,48,2000,2000s,Best New Artist,Big Four,John Legend,John Legend,Winner,1,67,Wikipedia,2026-02-08
2006,48,2000,2000s,Best Pop Vocal Album,Genre,"Kelly Clarkson Clive Davis, producer; Serban Ghenea, engineer/mixer",Breakaway,Winner,1,33,Wikipedia,2026-02-08
2006,48,2000,2000s,Record of the Year,Big Four,Boulevard of Broken Dreams,Green Day,Winner,1,69,Wikipedia,2026-02-08
2006,48,2000,2000s,Song of the Year,Big Four,Adam ClaytonDavid EvansLarry Mullen Jr.Paul Hewson,Sometimes You Can't Make It on Your Own,Winner,1,73,Wikipedia,2026-02-08
2005,47,2000,2000s,Album of the Year,Big Four,Genius Loves Company,Ray Charles,Winner,1,69,Wikipedia,2026-02-08
2005,47,2000,2000s,Best New Artist,Big Four,Maroon 5,Maroon 5,Winner,1,67,Wikipedia,2026-02-08
2005,47,2000,2000s,Best Pop Vocal Album,Genre,"Ray Charles & various artists John R. Burk, producer; Al Schmitt, engineer/mixer",Genius Loves Company,Winner,1,33,Wikipedia,2026-02-08
2005,47,2000,2000s,Record of the Year,Big Four,Here We Go Again,Ray Charles & Norah Jones,Winner,1,69,Wikipedia,2026-02-08
2005,47,2000,2000s,Song of the Year,Big Four,John Mayer,Daughters,Winner,1,73,Wikipedia,2026-02-08
2004,46,2000,2000s,Album of the Year,Big Four,Speakerboxxx/The Love Below,OutKast,Winner,1,69,Wikipedia,2026-02-08
2004,46,2000,2000s,Best New Artist,Big Four,Evanescence,Evanescence,Winner,1,67,Wikipedia,2026-02-08
2004,46,2000,2000s,Best Pop Vocal Album,Genre,"Justin Timberlake Chad Hugo & Pharrell Williams, producers; Serban Ghenea, engineer/mixer",Justified,Winner,1,33,Wikipedia,2026-02-08
2004,46,2000,2000s,Record of the Year,Big Four,Clocks,Coldplay,Winner,1,69,Wikipedia,2026-02-08
2004,46,2000,2000s,Song of the Year,Big Four,Richard MarxLuther Vandross,Dance with My Father,Winner,1,73,Wikipedia,2026-02-08
2003,45,2000,2000s,Album of the Year,Big Four,Come Away with Me,Norah Jones,Winner,3,69,Wikipedia,2026-02-08
2003,45,2000,2000s,Best New Artist,Big Four,Norah Jones,Norah Jones,Winner,3,67,Wikipedia,2026-02-08
2003,45,2000,2000s,Best Pop Vocal Album,Genre,"Norah Jones Arif Mardin & Jay Newland, producers; S. Husky Höskulds & Jay Newland, engineers/mixers",Come Away with Me,Winner,1,33,Wikipedia,2026-02-08
2003,45,2000,2000s,Record of the Year,Big Four,Don't Know Why,Norah Jones,Winner,3,69,Wikipedia,2026-02-08
2003,45,2000,2000s,Song of the Year,Big Four,Jesse Harris,"Don't Know Why"" *",Winner,1,73,Wikipedia,2026-02-08
2002,44,2000,2000s,Album of the Year,Big Four,"O Brother, Where Art Thou?",Various Artists,Winner,1,69,Wikipedia,2026-02-08
2002,44,2000,2000s,Best New Artist,Big Four,Alicia Keys,Alicia Keys,Winner,1,67,Wikipedia,2026-02-08
2002,44,2000,2000s,Best Pop Vocal Album,Genre,"Sade Sade Adu & Mike Pela, producers",Lovers Rock,Winner,1,33,Wikipedia,2026-02-08
2002,44,2000,2000s,Record of the Year,Big Four,Walk On,U2,Winner,4,69,Wikipedia,2026-02-08
2002,44,2000,2000s,Song of the Year,Big Four,Alicia Keys,Fallin,Winner,1,73,Wikipedia,2026-02-08
2001,43,2000,2000s,Album of the Year,Big Four,Two Against Nature,Steely Dan,Winner,1,69,Wikipedia,2026-02-08
2001,43,2000,2000s,Best New Artist,Big Four,Shelby Lynne,Shelby Lynne,Winner,1,67,Wikipedia,2026-02-08
2001,43,2000,2000s,Best Pop Vocal Album,Genre,"Steely Dan Walter Becker & Donald Fagen, producers; Phil Burnett, Roger Nichols, Dave Russell & Elliot Scheiner, engineers/mixers",Two Against Nature,Winner,1,33,Wikipedia,2026-02-08
2001,43,2000,2000s,Record of the Year,Big Four,Beautiful Day,U2,Winner,4,69,Wikipedia,2026-02-08
2001,43,2000,2000s,Song of the Year,Big Four,Adam ClaytonDavid EvansLarry Mullen Jr.Paul Hewson,"Beautiful Day"" *",Winner,1,73,Wikipedia,2026-02-08
2000,42,2000,2000s,Album of the Year,Big Four,Supernatural,Santana,Winner,1,69,Wikipedia,2026-02-08
2000,42,2000,2000s,Best New Artist,Big Four,Christina Aguilera,Christina Aguilera,Winner,1,67,Wikipedia,2026-02-08
2000,42,2000,2000s,Best Pop Vocal Album,Genre,Sting,Brand New Day,Winner,1,33,Wikipedia,2026-02-08
2000,42,2000,2000s,Record of the Year,Big Four,Smooth,Santana featuring Rob Thomas,Winner,1,69,Wikipedia,2026-02-08
2000,42,2000,2000s,Song of the Year,Big Four,Itaal ShurRob Thomas,"Smooth"" *",Winner,1,73,Wikipedia,2026-02-08
1999,41,1990,1990s,Album of the Year,Big Four,The Miseducation of Lauryn Hill,Lauryn Hill,Winner,2,69,Wikipedia,2026-02-08
1999,41,1990,1990s,Best New Artist,Big Four,Lauryn Hill,Lauryn Hill,Winner,2,67,Wikipedia,2026-02-08
1999,41,1990,1990s,Best Pop Vocal Album,Genre,Madonna,Ray of Light,Winner,1,33,Wikipedia,2026-02-08
1999,41,1990,1990s,Record of the Year,Big Four,My Heart Will Go On,Celine Dion,Winner,2,69,Wikipedia,2026-02-08
1999,41,1990,1990s,Song of the Year,Big Four,James HornerWill Jennings,"My Heart Will Go On"" *",Winner,1,73,Wikipedia,2026-02-08
1998,40,1990,1990s,Album of the Year,Big Four,Time Out of Mind,Bob Dylan,Winner,1,69,Wikipedia,2026-02-08
1998,40,1990,1990s,Best New Artist,Big Four,Paula Cole,Paula Cole,Winner,1,67,Wikipedia,2026-02-08
1998,40,1990,1990s,Best Pop Vocal Album,Genre,James Taylor,Hourglass,Winner,1,33,Wikipedia,2026-02-08
1998,40,1990,1990s,Record of the Year,Big Four,Sunny Came Home,Shawn Colvin,Winner,1,69,Wikipedia,2026-02-08
1998,40,1990,1990s,Song of the Year,Big Four,Shawn ColvinJohn Leventhal,"Sunny Came Home"" *",Winner,1,73,Wikipedia,2026-02-08
1997,39,1990,1990s,Album of the Year,Big Four,Falling into You,Celine Dion,Winner,2,69,Wikipedia,2026-02-08
1997,39,1990,1990s,Best New Artist,Big Four,LeAnn Rimes,LeAnn Rimes,Winner,1,67,Wikipedia,2026-02-08
1997,39,1990,1990s,Best Pop Vocal Album,Genre,Celine Dion,Falling into You,Winner,1,33,Wikipedia,2026-02-08
1997,39,1990,1990s,Record of the Year,Big Four,Change the World,Eric Clapton,Winner,3,69,Wikipedia,2026-02-08
1997,39,1990,1990s,Song of the Year,Big Four,Gordon KennedyWayne KirkpatrickTommy Sims,"Change the World"" *",Winner,1,73,Wikipedia,2026-02-08
1996,38,1990,1990s,Album of the Year,Big Four,Jagged Little Pill,Alanis Morissette,Winner,1,69,Wikipedia,2026-02-08
1996,38,1990,1990s,Best New Artist,Big Four,Hootie & the Blowfish,Hootie & the Blowfish,Winner,1,67,Wikipedia,2026-02-08
1996,38,1990,1990s,Best Pop Vocal Album,Genre,Joni Mitchell,Turbulent Indigo,Winner,1,33,Wikipedia,2026-02-08
1996,38,1990,1990s,Record of the Year,Big Four,Kiss from a Rose,Seal,Winner,1,69,Wikipedia,2026-02-08
1996,38,1990,1990s,Song of the Year,Big Four,Seal,"Kiss from a Rose"" *",Winner,1,73,Wikipedia,2026-02-08
1995,37,1990,1990s,Album of the Year,Big Four,MTV Unplugged,Tony Bennett,Winner,2,69,Wikipedia,2026-02-08
1995,37,1990,1990s,Best New Artist,Big Four,Sheryl Crow,Sheryl Crow,Winner,2,67,Wikipedia,2026-02-08
1995,37,1990,1990s,Best Pop Vocal Album,Genre,Bonnie Raitt,Longing in Their Hearts,Winner,1,33,Wikipedia,2026-02-08
1995,37,1990,1990s,Record of the Year,Big Four,All I Wanna Do,Sheryl Crow,Winner,2,69,Wikipedia,2026-02-08
1995,37,1990,1990s,Song of the Year,Big Four,Bruce Springsteen,Streets of Philadelphia,Winner,1,73,Wikipedia,2026-02-08
1994,36,1990,1990s,Album of the Year,Big Four,"José Carreras, Plácido Domingo & Luciano Pavarotti with Zubin Mehta","Tibor Rudas, producer",Winner,1,69,Wikipedia,2026-02-08
1994,36,1990,1990s,Album of the Year,Big Four,The Bodyguard,Whitney Houston,Winner,2,69,Wikipedia,2026-02-08
1994,36,1990,1990s,Best New Artist,Big Four,Toni Braxton,Toni Braxton,Winner,1,67,Wikipedia,2026-02-08
1994,36,1990,1990s,Record of the Year,Big Four,I Will Always Love You,Whitney Houston,Winner,2,69,Wikipedia,2026-02-08
1994,36,1990,1990s,Song of the Year,Big Four,Alan MenkenTim Rice,A Whole New World,Winner,1,73,Wikipedia,2026-02-08
1993,35,1990,1990s,Album of the Year,Big Four,Unplugged,Eric Clapton,Winner,3,69,Wikipedia,2026-02-08
1993,35,1990,1990s,Best New Artist,Big Four,Arrested Development,Arrested Development,Winner,1,67,Wikipedia,2026-02-08
1993,35,1990,1990s,Record of the Year,Big Four,Tears in Heaven,Eric Clapton,Winner,3,69,Wikipedia,2026-02-08
1993,35,1990,1990s,Song of the Year,Big Four,Eric ClaptonWill Jennings,"Tears in Heaven"" *",Winner,1,73,Wikipedia,2026-02-08
1992,34,1990,1990s,Album of the Year,Big Four,Unforgettable... with Love,Natalie Cole,Winner,2,69,Wikipedia,2026-02-08
1992,34,1990,1990s,Best New Artist,Big Four,Marc Cohn,Marc Cohn,Winner,1,67,Wikipedia,2026-02-08
1992,34,1990,1990s,Record of the Year,Big Four,Unforgettable,Natalie Cole (With Nat King Cole),Winner,1,69,Wikipedia,2026-02-08
1992,34,1990,1990s,Song of the Year,Big Four,Irving Gordon,"Unforgettable"" *",Winner,1,73,Wikipedia,2026-02-08
1991,33,1990,1990s,Album of the Year,Big Four,Back on the Block,Quincy Jones,Winner,1,69,Wikipedia,2026-02-08
1991,33,1990,1990s,Best New Artist,Big Four,Mariah Carey,Mariah Carey,Winner,1,67,Wikipedia,2026-02-08
1991,33,1990,1990s,Record of the Year,Big Four,Another Day in Paradise,Phil Collins,Winner,2,69,Wikipedia,2026-02-08
1991,33,1990,1990s,Song of the Year,Big Four,Julie Gold,From a Distance,Winner,1,73,Wikipedia,2026-02-08
1990,32,1990,1990s,Album of the Year,Big Four,Nick of Time,Bonnie Raitt,Winner,2,69,Wikipedia,2026-02-08
1990,32,1990,1990s,Best New Artist,Big Four,Milli Vanilli (Later Revoked)[III],Milli Vanilli (Later Revoked)[III],Winner,1,67,Wikipedia,2026-02-08
1990,32,1990,1990s,Record of the Year,Big Four,Wind Beneath My Wings,Bette Midler,Winner,2,69,Wikipedia,2026-02-08
1990,32,1990,1990s,Song of the Year,Big Four,Larry HenleyJeff Silbar,"Wind Beneath My Wings"" *",Winner,1,73,Wikipedia,2026-02-08
1989,31,1980,1980s,Album of the Year,Big Four,Taylor Swift,"Jack Antonoff, Nathan Chapman, Imogen Heap, Max Martin, Mattman & Robin, Ali Payami, Shellback, Taylor Swift, Ryan Tedder & Noel Zancanella, producers; Jack Antonoff, Mattias Bylund, Smith Carlson, Nathan Chapman, Şerban Ghenea, John Hanes, Imogen Heap, Sam Holland, Michael Ilbert, Brendan Morawski, Laura Sisk & Ryan Tedder, engineers/mixers; Tom Coyne, mastering engineer",Winner,1,69,Wikipedia,2026-02-08
1989,31,1980,1980s,Album of the Year,Big Four,Faith,George Michael,Winner,1,69,Wikipedia,2026-02-08
1989,31,1980,1980s,Best New Artist,Big Four,Tracy Chapman,Tracy Chapman,Winner,1,67,Wikipedia,2026-02-08
1989,31,1980,1980s,Record of the Year,Big Four,"Don't Worry, Be Happy",Bobby McFerrin,Winner,1,69,Wikipedia,2026-02-08
1989,31,1980,1980s,Song of the Year,Big Four,Bobby McFerrin,"Don't Worry, Be Happy"" *",Winner,1,73,Wikipedia,2026-02-08
1988,30,1980,1980s,Album of the Year,Big Four,The Joshua Tree,U2,Winner,4,69,Wikipedia,2026-02-08
1988,30,1980,1980s,Best New Artist,Big Four,Jody Watley,Jody Watley,Winner,1,67,Wikipedia,2026-02-08
1988,30,1980,1980s,Record of the Year,Big Four,Graceland,Paul Simon,Winner,3,69,Wikipedia,2026-02-08
1988,30,1980,1980s,Song of the Year,Big Four,James HornerBarry MannCynthia Weil,Somewhere Out There,Winner,1,73,Wikipedia,2026-02-08
1987,29,1980,1980s,Album of the Year,Big Four,Graceland,Paul Simon,Winner,3,69,Wikipedia,2026-02-08
1987,29,1980,1980s,Best New Artist,Big Four,Bruce Hornsby & The Range,Bruce Hornsby & The Range,Winner,1,67,Wikipedia,2026-02-08
1987,29,1980,1980s,Record of the Year,Big Four,Higher Love,Steve Winwood,Winner,1,69,Wikipedia,2026-02-08
1987,29,1980,1980s,Song of the Year,Big Four,Burt BacharachCarole Bayer Sager,That's What Friends Are For,Winner,1,73,Wikipedia,2026-02-08
1986,28,1980,1980s,Album of the Year,Big Four,No Jacket Required,Phil Collins,Winner,2,69,Wikipedia,2026-02-08
1986,28,1980,1980s,Best New Artist,Big Four,Sade,Sade,Winner,1,67,Wikipedia,2026-02-08
1986,28,1980,1980s,Record of the Year,Big Four,We Are the World,USA for Africa,Winner,1,69,Wikipedia,2026-02-08
1986,28,1980,1980s,Song of the Year,Big Four,Michael JacksonLionel Richie,"We Are the World"" *",Winner,1,73,Wikipedia,2026-02-08
1985,27,1980,1980s,Album of the Year,Big Four,Can't Slow Down,Lionel Richie,Winner,1,69,Wikipedia,2026-02-08
1985,27,1980,1980s,Best New Artist,Big Four,Cyndi Lauper,Cyndi Lauper,Winner,1,67,Wikipedia,2026-02-08
1985,27,1980,1980s,Record of the Year,Big Four,What's Love Got to Do with It,Tina Turner,Winner,1,69,Wikipedia,2026-02-08
1985,27,1980,1980s,Song of the Year,Big Four,Graham LyleTerry Britten,"What's Love Got to Do with It"" *",Winner,1,73,Wikipedia,2026-02-08
1984,26,1980,1980s,Album of the Year,Big Four,Thriller,Michael Jackson,Winner,2,69,Wikipedia,2026-02-08
1984,26,1980,1980s,Best New Artist,Big Four,Culture Club,Culture Club,Winner,1,67,Wikipedia,2026-02-08
1984,26,1980,1980s,Record of the Year,Big Four,Beat It,Michael Jackson,Winner,2,69,Wikipedia,2026-02-08
1984,26,1980,1980s,Song of the Year,Big Four,Sting,Every Breath You Take,Winner,1,73,Wikipedia,2026-02-08
1983,25,1980,1980s,Album of the Year,Big Four,Toto IV,Toto,Winner,2,69,Wikipedia,2026-02-08
1983,25,1980,1980s,Best New Artist,Big Four,Men at Work,Men at Work,Winner,1,67,Wikipedia,2026-02-08
1983,25,1980,1980s,Record of the Year,Big Four,Rosanna,Toto,Winner,2,69,Wikipedia,2026-02-08
1983,25,1980,1980s,Song of the Year,Big Four,Johnny ChristopherMark JamesWayne Carson,Always on My Mind,Winner,1,73,Wikipedia,2026-02-08
1982,24,1980,1980s,Album of the Year,Big Four,Double Fantasy,John Lennon & Yoko Ono,Winner,1,69,Wikipedia,2026-02-08
1982,24,1980,1980s,Best New Artist,Big Four,Sheena Easton,Sheena Easton,Winner,1,67,Wikipedia,2026-02-08
1982,24,1980,1980s,Record of the Year,Big Four,Bette Davis Eyes,Kim Carnes,Winner,1,69,Wikipedia,2026-02-08
1982,24,1980,1980s,Song of the Year,Big Four,Donna WeissJackie DeShannon,"Bette Davis Eyes"" *",Winner,1,73,Wikipedia,2026-02-08
1981,23,1980,1980s,Album of the Year,Big Four,Christopher Cross,Christopher Cross,Winner,3,69,Wikipedia,2026-02-08
1981,23,1980,1980s,Best New Artist,Big Four,Christopher Cross,Christopher Cross,Winner,3,67,Wikipedia,2026-02-08
1981,23,1980,1980s,Record of the Year,Big Four,Sailing,Christopher Cross,Winner,3,69,Wikipedia,2026-02-08
1981,23,1980,1980s,Song of the Year,Big Four,Christopher Cross,"Sailing"" *",Winner,1,73,Wikipedia,2026-02-08
1980,22,1980,1980s,Album of the Year,Big Four,52nd Street,Billy Joel,Winner,2,69,Wikipedia,2026-02-08
1980,22,1980,1980s,Best New Artist,Big Four,Rickie Lee Jones,Rickie Lee Jones,Winner,1,67,Wikipedia,2026-02-08
1980,22,1980,1980s,Record of the Year,Big Four,What a Fool Believes,The Doobie Brothers,Winner,1,69,Wikipedia,2026-02-08
1980,22,1980,1980s,Song of the Year,Big Four,Kenny LogginsMichael McDonald,"What a Fool Believes"" *",Winner,1,73,Wikipedia,2026-02-08
1979,21,1970,1970s,Album of the Year,Big Four,Saturday Night Fever,Bee Gees,Winner,1,69,Wikipedia,2026-02-08
1979,21,1970,1970s,Best New Artist,Big Four,A Taste of Honey,A Taste of Honey,Winner,1,67,Wikipedia,2026-02-08
1979,21,1970,1970s,Record of the Year,Big Four,Just the Way You Are,Billy Joel,Winner,2,69,Wikipedia,2026-02-08
1979,21,1970,1970s,Record of the Year,Big Four,The Smashing Pumpkins,"Flood & Alan Moulder, producers",Winner,1,69,Wikipedia,2026-02-08
1979,21,1970,1970s,Song of the Year,Big Four,Billy Joel,"Just the Way You Are"" *",Winner,1,73,Wikipedia,2026-02-08
1978,20,1970,1970s,Album of the Year,Big Four,Rumours,Fleetwood Mac,Winner,1,69,Wikipedia,2026-02-08
1978,20,1970,1970s,Best New Artist,Big Four,Debby Boone,Debby Boone,Winner,1,67,Wikipedia,2026-02-08
1978,20,1970,1970s,Record of the Year,Big Four,Hotel California,Eagles,Winner,1,69,Wikipedia,2026-02-08
1978,20,1970,1970s,Song of the Year,Big Four,Barbra StreisandPaul Williams,Evergreen (Love Theme from A Star Is Born),Winner,1,73,Wikipedia,2026-02-08
1977,19,1970,1970s,Album of the Year,Big Four,Songs in the Key of Life,Stevie Wonder,Winner,3,69,Wikipedia,2026-02-08
1977,19,1970,1970s,Best New Artist,Big Four,Starland Vocal Band,Starland Vocal Band,Winner,1,67,Wikipedia,2026-02-08
1977,19,1970,1970s,Record of the Year,Big Four,This Masquerade,George Benson,Winner,1,69,Wikipedia,2026-02-08
1977,19,1970,1970s,Song of the Year,Big Four,Bruce Johnston,I Write the Songs,Winner,1,73,Wikipedia,2026-02-08
1976,18,1970,1970s,Album of the Year,Big Four,Still Crazy After All These Years,Paul Simon,Winner,3,69,Wikipedia,2026-02-08
1976,18,1970,1970s,Best New Artist,Big Four,Natalie Cole,Natalie Cole,Winner,2,67,Wikipedia,2026-02-08
1976,18,1970,1970s,Record of the Year,Big Four,Love Will Keep Us Together,Captain & Tennille,Winner,1,69,Wikipedia,2026-02-08
1976,18,1970,1970s,Song of the Year,Big Four,Stephen Sondheim,Send In the Clowns,Winner,1,73,Wikipedia,2026-02-08
1975,17,1970,1970s,Album of the Year,Big Four,Fulfillingness' First Finale,Stevie Wonder,Winner,3,69,Wikipedia,2026-02-08
1975,17,1970,1970s,Best New Artist,Big Four,Marvin Hamlisch,Marvin Hamlisch,Winner,1,67,Wikipedia,2026-02-08
1975,17,1970,1970s,Record of the Year,Big Four,I Honestly Love You,Olivia Newton-John,Winner,1,69,Wikipedia,2026-02-08
1975,17,1970,1970s,Song of the Year,Big Four,Alan and Marilyn BergmanMarvin Hamlisch,The Way We Were,Winner,1,73,Wikipedia,2026-02-08
1974,16,1970,1970s,Album of the Year,Big Four,Innervisions,Stevie Wonder,Winner,3,69,Wikipedia,2026-02-08
1974,16,1970,1970s,Best New Artist,Big Four,Bette Midler,Bette Midler,Winner,2,67,Wikipedia,2026-02-08
1974,16,1970,1970s,Record of the Year,Big Four,Killing Me Softly with His Song,Roberta Flack,Winner,2,69,Wikipedia,2026-02-08
1974,16,1970,1970s,Song of the Year,Big Four,Norman GimbelCharles Fox,"Killing Me Softly with His Song"" *",Winner,1,73,Wikipedia,2026-02-08
1973,15,1970,1970s,Album of the Year,Big Four,The Concert for Bangladesh,George Harrison & Friends,Winner,1,69,Wikipedia,2026-02-08
1973,15,1970,1970s,Best New Artist,Big Four,America,America,Winner,1,67,Wikipedia,2026-02-08
1973,15,1970,1970s,Record of the Year,Big Four,The First Time Ever I Saw Your Face,Roberta Flack,Winner,2,69,Wikipedia,2026-02-08
1973,15,1970,1970s,Song of the Year,Big Four,Ewan MacColl,"The First Time Ever I Saw Your Face"" *",Winner,1,73,Wikipedia,2026-02-08
1972,14,1970,1970s,Album of the Year,Big Four,Tapestry,Carole King,Winner,2,69,Wikipedia,2026-02-08
1972,14,1970,1970s,Best New Artist,Big Four,Carly Simon,Carly Simon,Winner,1,67,Wikipedia,2026-02-08
1972,14,1970,1970s,Record of the Year,Big Four,It's Too Late,Carole King,Winner,2,69,Wikipedia,2026-02-08
1972,14,1970,1970s,Song of the Year,Big Four,Carole King,You've Got a Friend,Winner,1,73,Wikipedia,2026-02-08
1971,13,1970,1970s,Album of the Year,Big Four,Bridge over Troubled Water,Simon & Garfunkel,Winner,3,69,Wikipedia,2026-02-08
1971,13,1970,1970s,Best New Artist,Big Four,The Carpenters,The Carpenters,Winner,1,67,Wikipedia,2026-02-08
1971,13,1970,1970s,Record of the Year,Big Four,Bridge over Troubled Water,Simon & Garfunkel,Winner,3,69,Wikipedia,2026-02-08
1971,13,1970,1970s,Song of the Year,Big Four,Paul Simon,"Bridge over Troubled Water"" *",Winner,1,73,Wikipedia,2026-02-08
1970,12,1970,1970s,Album of the Year,Big Four,"Blood, Sweat & Tears","Blood, Sweat & Tears",Winner,1,69,Wikipedia,2026-02-08
1970,12,1970,1970s,Best New Artist,Big Four,"Crosby, Stills & Nash","Crosby, Stills & Nash",Winner,1,67,Wikipedia,2026-02-08
1970,12,1970,1970s,Record of the Year,Big Four,Aquarius/Let the Sunshine In,The 5th Dimension,Winner,2,69,Wikipedia,2026-02-08
1970,12,1970,1970s,Song of the Year,Big Four,Joe South,Games People Play,Winner,1,73,Wikipedia,2026-02-08
1969,11,1960,Early Grammys (1959-1969),Album of the Year,Big Four,By the Time I Get to Phoenix,Glen Campbell,Winner,1,69,Wikipedia,2026-02-08
1969,11,1960,Early Grammys (1959-1969),Best New Artist,Big Four,José Feliciano,José Feliciano,Winner,1,67,Wikipedia,2026-02-08
1969,11,1960,Early Grammys (1959-1969),Record of the Year,Big Four,Mrs. Robinson,Simon & Garfunkel,Winner,3,69,Wikipedia,2026-02-08
1969,11,1960,Early Grammys (1959-1969),Song of the Year,Big Four,Bobby Russell,Little Green Apples,Winner,1,73,Wikipedia,2026-02-08
1968,10,1960,Early Grammys (1959-1969),Album of the Year,Big Four,Sgt. Pepper's Lonely Hearts Club Band,The Beatles,Winner,2,69,Wikipedia,2026-02-08
1968,10,1960,Early Grammys (1959-1969),Best New Artist,Big Four,Bobbie Gentry,Bobbie Gentry,Winner,1,67,Wikipedia,2026-02-08
1968,10,1960,Early Grammys (1959-1969),Best Pop Vocal Album,Genre,The Beatles,Sgt. Pepper's Lonely Hearts Club Band,Winner,1,33,Wikipedia,2026-02-08
1968,10,1960,Early Grammys (1959-1969),Record of the Year,Big Four,"Up, Up and Away",The 5th Dimension,Winner,2,69,Wikipedia,2026-02-08
1968,10,1960,Early Grammys (1959-1969),Song of the Year,Big Four,Jimmy Webb,"Up, Up, and Away"" *",Winner,1,73,Wikipedia,2026-02-08
1967,9,1960,Early Grammys (1959-1969),Album of the Year,Big Four,A Man and His Music,Frank Sinatra,Winner,4,69,Wikipedia,2026-02-08
1967,9,1960,Early Grammys (1959-1969),Best New Artist,Big Four,No award[II],No award[II],Winner,1,67,Wikipedia,2026-02-08
1967,9,1960,Early Grammys (1959-1969),Record of the Year,Big Four,Strangers in the Night,Frank Sinatra,Winner,4,69,Wikipedia,2026-02-08
1967,9,1960,Early Grammys (1959-1969),Song of the Year,Big Four,John LennonPaul McCartney,Michelle,Winner,1,73,Wikipedia,2026-02-08
1966,8,1960,Early Grammys (1959-1969),Album of the Year,Big Four,September of My Years,Frank Sinatra,Winner,4,69,Wikipedia,2026-02-08
1966,8,1960,Early Grammys (1959-1969),Best New Artist,Big Four,Tom Jones,Tom Jones,Winner,1,67,Wikipedia,2026-02-08
1966,8,1960,Early Grammys (1959-1969),Record of the Year,Big Four,A Taste of Honey,Herb Alpert & the Tijuana Brass,Winner,1,69,Wikipedia,2026-02-08
1966,8,1960,Early Grammys (1959-1969),Song of the Year,Big Four,Paul Francis WebsterJohnny Mandel,The Shadow of Your Smile,Winner,1,73,Wikipedia,2026-02-08
1965,7,1960,Early Grammys (1959-1969),Album of the Year,Big Four,Getz/Gilberto,Stan Getz & João Gilberto,Winner,1,69,Wikipedia,2026-02-08
1965,7,1960,Early Grammys (1959-1969),Best New Artist,Big Four,The Beatles,The Beatles,Winner,2,67,Wikipedia,2026-02-08
1965,7,1960,Early Grammys (1959-1969),Record of the Year,Big Four,The Girl from Ipanema,Stan Getz & Astrud Gilberto,Winner,1,69,Wikipedia,2026-02-08
1965,7,1960,Early Grammys (1959-1969),Song of the Year,Big Four,Jerry Herman,"Hello, Dolly!",Winner,1,73,Wikipedia,2026-02-08
1964,6,1960,Early Grammys (1959-1969),Album of the Year,Big Four,The Barbra Streisand Album,Barbra Streisand,Winner,1,69,Wikipedia,2026-02-08
1964,6,1960,Early Grammys (1959-1969),Best New Artist,Big Four,The Swingle Singers,The Swingle Singers,Winner,1,67,Wikipedia,2026-02-08
1964,6,1960,Early Grammys (1959-1969),Record of the Year,Big Four,Days of Wine and Roses,Henry Mancini,Winner,3,69,Wikipedia,2026-02-08
1964,6,1960,Early Grammys (1959-1969),Song of the Year,Big Four,Henry ManciniJohnny Mercer,"Days of Wine and Roses"" *",Winner,1,73,Wikipedia,2026-02-08
1963,5,1960,Early Grammys (1959-1969),Album of the Year,Big Four,The First Family,Vaughn Meader,Winner,1,69,Wikipedia,2026-02-08
1963,5,1960,Early Grammys (1959-1969),Best New Artist,Big Four,Robert Goulet,Robert Goulet,Winner,1,67,Wikipedia,2026-02-08
1963,5,1960,Early Grammys (1959-1969),Record of the Year,Big Four,I Left My Heart in San Francisco,Tony Bennett,Winner,2,69,Wikipedia,2026-02-08
1963,5,1960,Early Grammys (1959-1969),Song of the Year,Big Four,Leslie BricusseAnthony Newley,What Kind of Fool Am I?,Winner,1,73,Wikipedia,2026-02-08
1962,4,1960,Early Grammys (1959-1969),Album of the Year,Big Four,Judy at Carnegie Hall,Judy Garland,Winner,1,69,Wikipedia,2026-02-08
1962,4,1960,Early Grammys (1959-1969),Best New Artist,Big Four,Peter Nero,Peter Nero,Winner,1,67,Wikipedia,2026-02-08
1962,4,1960,Early Grammys (1959-1969),Record of the Year,Big Four,Moon River,Henry Mancini,Winner,3,69,Wikipedia,2026-02-08
1962,4,1960,Early Grammys (1959-1969),Song of the Year,Big Four,Henry ManciniJohnny Mercer,"Moon River"" *",Winner,1,73,Wikipedia,2026-02-08
1961,3,1960,Early Grammys (1959-1969),Album of the Year,Big Four,Button Down Mind Strikes Back,Bob Newhart,Winner,2,69,Wikipedia,2026-02-08
1961,3,1960,Early Grammys (1959-1969),Best New Artist,Big Four,Bob Newhart,Bob Newhart,Winner,2,67,Wikipedia,2026-02-08
1961,3,1960,Early Grammys (1959-1969),Record of the Year,Big Four,Theme from A Summer Place,Percy Faith,Winner,1,69,Wikipedia,2026-02-08
1961,3,1960,Early Grammys (1959-1969),Song of the Year,Big Four,Ernest Gold,Theme of Exodus,Winner,1,73,Wikipedia,2026-02-08
1960,2,1960,Early Grammys (1959-1969),Album of the Year,Big Four,Come Dance with Me!,Frank Sinatra,Winner,4,69,Wikipedia,2026-02-08
1960,2,1960,Early Grammys (1959-1969),Best New Artist,Big Four,Bobby Darin,Bobby Darin,Winner,2,67,Wikipedia,2026-02-08
1960,2,1960,Early Grammys (1959-1969),Song of the Year,Big Four,Jimmy Driftwood,The Battle of New Orleans,Winner,1,73,Wikipedia,2026-02-08
1959,1,1950,Early Grammys (1959-1969),Album of the Year,Big Four,The Music from Peter Gunn,Henry Mancini,Winner,3,69,Wikipedia,2026-02-08
1959,1,1950,Early Grammys (1959-1969),Record of the Year,Big Four,Nel Blu Dipinto Di Blu (Volare),Domenico Modugno,Winner,1,69,Wikipedia,2026-02-08
1959,1,1950,Early Grammys (1959-1969),Record of the Year,Big Four,Mack the Knife,Bobby Darin,Winner,2,69,Wikipedia,2026-02-08
1959,1,1950,Early Grammys (1959-1969),Song of the Year,Big Four,Domenico Modugno,"Nel blu, dipinto di blu (Volare)"" *",Winner,1,73,Wikipedia,2026-02-08
